<application>
  <component name="BaseRefactoringSettings">
    <option name="RENAME_SEARCH_FOR_REFERENCES_FOR_FILE" value="false" />
    <option name="RENAME_SEARCH_FOR_REFERENCES_FOR_DIRECTORY" value="false" />
    <option name="MOVE_SEARCH_FOR_REFERENCES_FOR_FILE" value="false" />
  </component>
  <component name="RefactoringSettings">
    <option name="RENAME_SEARCH_FOR_TEXT_FOR_PACKAGE" value="false" />
    <option name="RENAME_SEARCH_FOR_TEXT_FOR_CLASS" value="false" />
    <option name="MOVE_SEARCH_IN_COMMENTS" value="false" />
    <option name="MOVE_SEARCH_FOR_TEXT" value="false" />
    <option name="TYPE_COOK_EXHAUSTIVE" value="true" />
    <option name="TYPE_COOK_COOK_OBJECTS" value="true" />
    <option name="TYPE_COOK_PRODUCE_WILDCARDS" value="true" />
    <option name="RENAME_ACCESSORS" value="false" />
  </component>
</application>