<application>
  <component name="FileTypeManager" version="18">
    <extensionMap>
      <mapping pattern="exe2" type="AUTO_DETECTED" />
      <mapping pattern="exe1" type="AUTO_DETECTED" />
      <mapping ext="p12" type="PLAIN_TEXT" />
      <mapping ext="plantuml" type="PlantUML file" />
      <removed_mapping ext="apk" approved="true" type="ARCHIVE" />
      <removed_mapping ext="cql" approved="true" type="CassandraQL" />
      <removed_mapping ext="cql" approved="true" type="SQL" />
      <removed_mapping ext="csv" approved="true" type="CSV/TSV" />
      <removed_mapping ext="ddl" approved="true" type="SQL" />
      <removed_mapping ext="dockerignore" approved="true" type="DockerIgnore file" />
      <removed_mapping ext="fnc" approved="true" type="SQL" />
      <removed_mapping ext="ignore" approved="true" type="IgnoreLang file" />
      <removed_mapping ext="p12" approved="true" type="KS" />
      <removed_mapping ext="pkb" approved="true" type="SQL" />
      <removed_mapping ext="pks" approved="true" type="SQL" />
      <removed_mapping ext="prc" approved="true" type="SQL" />
      <removed_mapping ext="psd" approved="true" type="Image" />
      <removed_mapping ext="sql" approved="true" type="SQL" />
      <removed_mapping ext="tpb" approved="true" type="SQL" />
      <removed_mapping ext="tps" approved="true" type="SQL" />
      <removed_mapping ext="trg" approved="true" type="SQL" />
      <removed_mapping ext="vw" approved="true" type="SQL" />
      <removed_mapping pattern=".prettierrc" approved="true" type="JSON" />
      <removed_mapping pattern="Kptfile" approved="true" type="YAML" />
    </extensionMap>
  </component>
</application>