<application>
  <component name="GeneralSettings">
    <option name="showTipsOnStartup" value="true" />
    <option name="confirmExit" value="false" />
    <option name="confirmOpenNewProject2" value="-1" />
  </component>
  <component name="Registry">
    <entry key="ide.balloon.shadow.size" value="0" />
    <entry key="debugger.watches.in.variables" value="false" />
    <entry key="ide.experimental.ui" value="true" />
    <entry key="debugger.new.tool.window.layout" value="true" />
    <entry key="ide.editor.tab.selection.animation" value="true" />
    <entry key="ide.new.editor.tabs.vertical.borders" value="true" />
    <entry key="editor.focus.mode.color.light" value="777777" />
    <entry key="editor.focus.mode.color.dark" value="777777" />
  </component>
  <component name="StatusBar">
    <option name="widgets">
      <map>
        <entry key="CwmWireStatsWidgetFactory" value="false" />
        <entry key="DBNavigator.Project.DatasetEditorStatusBarWidgetFactory" value="false" />
        <entry key="aws.codewhisperer" value="false" />
        <entry key="com.codestream.jetbrains-codestream" value="false" />
        <entry key="mtStatusBar" value="true" />
        <entry key="mtThemeFactory" value="false" />
      </map>
    </option>
  </component>
</application>