<application>
  <component name="com.github.evgenys91.machinet.common.feedback.FeedbackState">
    <option name="feedbackDTOByID">
      <map>
        <entry key="HelloControllerTest.java_testHelloMvc">
          <value>
            <FeedbackDTO>
              <option name="myFileName" value="HelloControllerTest.java" />
              <option name="myMethodName" value="testHelloMvc" />
              <option name="myCode" value="/**&#10;     * Method under test: {@link HelloController#helloMvc(String, ModelMap)}&#10;     */&#10;    @Test&#10;    void testHelloMvc() throws Exception {&#10;        MockHttpServletRequestBuilder requestBuilder = MockMvcRequestBuilders.get(&quot;/hello-mvc&quot;).param(&quot;name&quot;, &quot;foo&quot;);&#10;        MockMvcBuilders.standaloneSetup(helloController)&#10;                .build()&#10;                .perform(requestBuilder)&#10;                .andExpect(MockMvcResultMatchers.status().isOk())&#10;                .andExpect(MockMvcResultMatchers.model().size(1))&#10;                .andExpect(MockMvcResultMatchers.model().attributeExists(&quot;name&quot;))&#10;                .andExpect(MockMvcResultMatchers.view().name(&quot;hello-template&quot;))&#10;                .andExpect(MockMvcResultMatchers.forwardedUrl(&quot;hello-template&quot;));&#10;    }" />
              <option name="myGeneratedDate" value="1693166343454" />
              <option name="myRequestId" value="ea724b" />
            </FeedbackDTO>
          </value>
        </entry>
        <entry key="HelloControllerTest.java_testHelloMvc2">
          <value>
            <FeedbackDTO>
              <option name="myFileName" value="HelloControllerTest.java" />
              <option name="myMethodName" value="testHelloMvc2" />
              <option name="myCode" value="/**&#10;     * Method under test: {@link HelloController#helloMvc(String, ModelMap)}&#10;     */&#10;    @Test&#10;    void testHelloMvc2() throws Exception {&#10;        MockHttpServletRequestBuilder requestBuilder = MockMvcRequestBuilders.get(&quot;/hello-mvc&quot;, &quot;Uri Vars&quot;)&#10;                .param(&quot;name&quot;, &quot;foo&quot;);&#10;        MockMvcBuilders.standaloneSetup(helloController)&#10;                .build()&#10;                .perform(requestBuilder)&#10;                .andExpect(MockMvcResultMatchers.status().isOk())&#10;                .andExpect(MockMvcResultMatchers.model().size(1))&#10;                .andExpect(MockMvcResultMatchers.model().attributeExists(&quot;name&quot;))&#10;                .andExpect(MockMvcResultMatchers.view().name(&quot;hello-template&quot;))&#10;                .andExpect(MockMvcResultMatchers.forwardedUrl(&quot;hello-template&quot;));&#10;    }" />
              <option name="myGeneratedDate" value="1693166343454" />
              <option name="myRequestId" value="ea724b" />
            </FeedbackDTO>
          </value>
        </entry>
        <entry key="HelloControllerTest.java_testHelloWhenModelIsPassedThenAttributeIsAddedAndHelloIsReturned">
          <value>
            <FeedbackDTO>
              <option name="myFileName" value="HelloControllerTest.java" />
              <option name="myMethodName" value="testHelloWhenModelIsPassedThenAttributeIsAddedAndHelloIsReturned" />
              <option name="myCode" value="/**&#10;     * Test the 'hello' method of the HelloController class. The method should add the attribute 'data' with the value 'hello' to the model and return the string 'hello'.&#10;     */&#10;    @Test&#10;    void testHelloWhenModelIsPassedThenAttributeIsAddedAndHelloIsReturned() {&#10;        ModelMap model = new ModelMap();&#10;        String viewName = helloController.hello(model);&#10;        assertEquals(&quot;hello&quot;, viewName);&#10;        assertEquals(&quot;hello&quot;, model.getAttribute(&quot;data&quot;));&#10;    }" />
              <option name="myGeneratedDate" value="1693166343454" />
              <option name="myRequestId" value="ea724b" />
            </FeedbackDTO>
          </value>
        </entry>
        <entry key="RegisterBankAccountControllerTest.java_registeredBankAccountReturnsDetailsOnSuccess">
          <value>
            <FeedbackDTO>
              <option name="myFileName" value="RegisterBankAccountControllerTest.java" />
              <option name="myMethodName" value="registeredBankAccountReturnsDetailsOnSuccess" />
              <option name="myCode" value="@Test&#10;@DisplayName(&quot;Should return registered bank account details when successful&quot;)&#10;void registeredBankAccountReturnsDetailsOnSuccess() {&#10;        RegisterBankAccountRequest request = new RegisterBankAccountRequest(&#10;            &quot;1234567890&quot;, &quot;Bank of America&quot;, &quot;123456789&quot;, true);&#10;        RegisterBankAccountCommand command = RegisterBankAccountCommand.builder()&#10;            .membershipId(request.getMembershipId())&#10;            .bankName(request.getBankName())&#10;            .bankAccountNumber(request.getBankAccountNumber())&#10;            .isValid(request.isValid())&#10;            .build();&#10;        RegisteredBankAccount registeredBankAccount = RegisteredBankAccount.generateRegisteredBankAccount(&#10;            new RegisteredBankAccount.RegisteredBankAccountId(&quot;1234567890&quot;),&#10;            new RegisteredBankAccount.MembershipId(&quot;1234567890&quot;),&#10;            new RegisteredBankAccount.BankName(&quot;Bank of America&quot;),&#10;            new RegisteredBankAccount.BankAccountNumber(&quot;123456789&quot;),&#10;            new RegisteredBankAccount.LinkedStatusIsValid(true),&#10;            new RegisteredBankAccount.AggregateIdentifier(&quot;1234567890&quot;)&#10;        );&#10;&#10;        when(registerBankAccountUseCase.registerBankAccount(command)).thenReturn(registeredBankAccount);&#10;&#10;        ResponseEntity&lt;RegisteredBankAccount&gt; response = registerBankAccountController.registeredBankAccount(request);&#10;&#10;        assertEquals(HttpStatus.OK, response.getStatusCode());&#10;        assertEquals(registeredBankAccount, response.getBody());&#10;        verify(registerBankAccountUseCase, times(1)).registerBankAccount(command);&#10;    }" />
              <option name="myGeneratedDate" value="1692533876870" />
              <option name="myRequestId" value="82f733" />
            </FeedbackDTO>
          </value>
        </entry>
        <entry key="RegisterBankAccountControllerTest.java_registeredBankAccountWithInvalidRequestThrowsException">
          <value>
            <FeedbackDTO>
              <option name="myFileName" value="RegisterBankAccountControllerTest.java" />
              <option name="myMethodName" value="registeredBankAccountWithInvalidRequestThrowsException" />
              <option name="myCode" value="@Test&#10;@DisplayName(&quot;Should throw an exception when invalid request is provided&quot;)&#10;void registeredBankAccountWithInvalidRequestThrowsException() {    // Create a RegisterBankAccountRequest with invalid data&#10;    RegisterBankAccountRequest request = new RegisterBankAccountRequest(&#10;        null, null, null, false);&#10;&#10;    // Mock the behavior of the registerBankAccountUseCase&#10;    when(registerBankAccountUseCase.registerBankAccount(any(RegisterBankAccountCommand.class)))&#10;        .thenThrow(ConstraintViolationException.class);&#10;&#10;    // Perform the request and assert that an exception is thrown&#10;    assertThrows(ConstraintViolationException.class, () -&gt; {&#10;        registerBankAccountController.registeredBankAccount(request);&#10;    });&#10;&#10;    // Verify that the registerBankAccountUseCase method was called&#10;    verify(registerBankAccountUseCase, times(1)).registerBankAccount(any(RegisterBankAccountCommand.class));&#10;}" />
              <option name="myGeneratedDate" value="1692533876870" />
              <option name="myRequestId" value="82f733" />
            </FeedbackDTO>
          </value>
        </entry>
        <entry key="RegisterBankAccountControllerTest.java_registeredBankAccountWithValidRequest">
          <value>
            <FeedbackDTO>
              <option name="myFileName" value="RegisterBankAccountControllerTest.java" />
              <option name="myMethodName" value="registeredBankAccountWithValidRequest" />
              <option name="myCode" value="@Test&#10;@DisplayName(&quot;Should register a bank account when valid request is provided&quot;)&#10;void registeredBankAccountWithValidRequest() {&#10;        RegisterBankAccountRequest request = new RegisterBankAccountRequest(&#10;            &quot;1234567890&quot;, &quot;Bank of America&quot;, &quot;123456789&quot;, true);&#10;        RegisterBankAccountCommand command = RegisterBankAccountCommand.builder()&#10;            .membershipId(request.getMembershipId())&#10;            .bankName(request.getBankName())&#10;            .bankAccountNumber(request.getBankAccountNumber())&#10;            .isValid(request.isValid())&#10;            .build();&#10;        RegisteredBankAccount registeredBankAccount = RegisteredBankAccount.generateRegisteredBankAccount(&#10;            new RegisteredBankAccount.RegisteredBankAccountId(&quot;1234567890&quot;),&#10;            new RegisteredBankAccount.MembershipId(&quot;1234567890&quot;),&#10;            new RegisteredBankAccount.BankName(&quot;Bank of America&quot;),&#10;            new RegisteredBankAccount.BankAccountNumber(&quot;123456789&quot;),&#10;            new RegisteredBankAccount.LinkedStatusIsValid(true),&#10;            new RegisteredBankAccount.AggregateIdentifier(&quot;1234567890&quot;)&#10;        );&#10;&#10;        when(registerBankAccountUseCase.registerBankAccount(command)).thenReturn(registeredBankAccount);&#10;&#10;        ResponseEntity&lt;RegisteredBankAccount&gt; response = registerBankAccountController.registeredBankAccount(request);&#10;&#10;        assertEquals(HttpStatus.OK, response.getStatusCode());&#10;        assertEquals(registeredBankAccount, response.getBody());&#10;        verify(registerBankAccountUseCase, times(1)).registerBankAccount(command);&#10;    }" />
              <option name="myGeneratedDate" value="1692533876870" />
              <option name="myRequestId" value="82f733" />
            </FeedbackDTO>
          </value>
        </entry>
      </map>
    </option>
  </component>
</application>