<application>
  <component name="MaterialThemeConfig">
    <option name="isContrastMode" value="true" />
    <option name="isWizardShown" value="true" />
    <option name="pristineConfig" value="false" />
    <option name="treeFontSizeEnabled" value="true" />
    <option name="tabFontSizeEnabled" value="true" />
    <option name="tabsHeight" value="24" />
    <option name="accentColor" value="416a9b" />
    <option name="selectedTheme" value="NATIVE" />
    <option name="userId" value="4646862e:1817b941aff:-8000" />
    <option name="version" value="8.6.4" />
  </component>
</application>