<application>
  <component name="PostfixTemplatesSettings">
    <option name="postfixTemplatesEnabled" value="false" />
    <option name="providerToDisabledTemplates">
      <disabled-templates provider="builtin.java">
        <value>
          <set>
            <option value="arg" />
            <option value="assert" />
            <option value="com.intellij.codeInsight.template.postfix.templates.CastExpressionPostfixTemplate#.cast" />
            <option value="com.intellij.codeInsight.template.postfix.templates.CastVarPostfixTemplate#.castvar" />
            <option value="com.intellij.codeInsight.template.postfix.templates.ElseStatementPostfixTemplate#.else" />
            <option value="com.intellij.codeInsight.template.postfix.templates.IfStatementPostfixTemplate#.if" />
            <option value="com.intellij.codeInsight.template.postfix.templates.InstanceofExpressionPostfixTemplate#.inst" />
            <option value="com.intellij.codeInsight.template.postfix.templates.InstanceofExpressionPostfixTemplate#.instanceof" />
            <option value="com.intellij.codeInsight.template.postfix.templates.IntroduceFieldPostfixTemplate#.field" />
            <option value="com.intellij.codeInsight.template.postfix.templates.IntroduceVariablePostfixTemplate#.var" />
            <option value="com.intellij.codeInsight.template.postfix.templates.IsNullCheckPostfixTemplate#.null" />
            <option value="com.intellij.codeInsight.template.postfix.templates.NewExpressionPostfixTemplate#.new" />
            <option value="com.intellij.codeInsight.template.postfix.templates.NotExpressionPostfixTemplate#!" />
            <option value="com.intellij.codeInsight.template.postfix.templates.NotExpressionPostfixTemplate#.not" />
            <option value="com.intellij.codeInsight.template.postfix.templates.NotNullCheckPostfixTemplate#.nn" />
            <option value="com.intellij.codeInsight.template.postfix.templates.NotNullCheckPostfixTemplate#.notnull" />
            <option value="com.intellij.codeInsight.template.postfix.templates.ParenthesizedExpressionPostfixTemplate#.par" />
            <option value="com.intellij.codeInsight.template.postfix.templates.StreamPostfixTemplate#.stream" />
            <option value="com.intellij.codeInsight.template.postfix.templates.SwitchStatementPostfixTemplate#.switch" />
            <option value="com.intellij.codeInsight.template.postfix.templates.TryStatementPostfixTemplate#.try" />
            <option value="com.intellij.codeInsight.template.postfix.templates.TryWithResourcesPostfixTemplate#.twr" />
            <option value="for" />
            <option value="fori" />
            <option value="format" />
            <option value="forr" />
            <option value="iter" />
            <option value="lambda" />
            <option value="opt" />
            <option value="reqnonnull" />
            <option value="return" />
            <option value="serr" />
            <option value="souf" />
            <option value="sout" />
            <option value="soutv" />
            <option value="synchronized" />
            <option value="throw" />
            <option value="while" />
          </set>
        </value>
      </disabled-templates>
      <disabled-templates provider="com.intellij.reactivestreams.rxjava.template.postfix.RxJavaPostfixTemplateProvider">
        <value>
          <set>
            <option value="toCompletable" />
            <option value="toFlowable" />
            <option value="toMaybe" />
            <option value="toObservable" />
            <option value="toSingle" />
          </set>
        </value>
      </disabled-templates>
      <disabled-templates provider="de.plushnikov.intellij.plugin.extension.postfix.LombokPostfixTemplateProvider">
        <value>
          <set>
            <option value="de.plushnikov.intellij.plugin.extension.postfix.LombokValPostfixTemplate#.val" />
            <option value="de.plushnikov.intellij.plugin.extension.postfix.LombokVarPostfixTemplate#.varl" />
          </set>
        </value>
      </disabled-templates>
      <disabled-templates provider="reactor-postfix-templates">
        <value>
          <set>
            <option value="test" />
            <option value="testN" />
            <option value="toFlux" />
            <option value="toMono" />
          </set>
        </value>
      </disabled-templates>
    </option>
  </component>
</application>