<application>
  <component name="SonarLintGlobalSettings">
    <option name="rulesByKey">
      <map>
        <entry key="java:S100">
          <value>
            <Rule active="false" key="java:S100" />
          </value>
        </entry>
        <entry key="java:S101">
          <value>
            <Rule active="false" key="java:S101" />
          </value>
        </entry>
        <entry key="java:S114">
          <value>
            <Rule active="false" key="java:S114" />
          </value>
        </entry>
        <entry key="java:S116">
          <value>
            <Rule active="false" key="java:S116" />
          </value>
        </entry>
        <entry key="java:S117">
          <value>
            <Rule active="false" key="java:S117" />
          </value>
        </entry>
        <entry key="java:S1192">
          <value>
            <Rule active="false" key="java:S1192" />
          </value>
        </entry>
        <entry key="java:S120">
          <value>
            <Rule active="false" key="java:S120" />
          </value>
        </entry>
        <entry key="java:S1220">
          <value>
            <Rule active="false" key="java:S1220" />
          </value>
        </entry>
        <entry key="java:S3740">
          <value>
            <Rule active="false" key="java:S3740" />
          </value>
        </entry>
        <entry key="java:S5411">
          <value>
            <Rule active="false" key="java:S5411" />
          </value>
        </entry>
      </map>
    </option>
    <option name="sonarQubeServers">
      <list>
        <SonarQubeServer>
          <option name="hostUrl" value="http://localhost:9001" />
          <token>dfd9dfdbdfdfdff5df9edf9edf9adfcfdf9adfccdf93dfc9df98df9fdf93df98df9bdf9cdf93df9cdfc9df92df93df92dfc8dfcedfc9df9bdfc9df9ddf9fdfccdf9edf99dfcedf93dfcedf9fdf9adf92dfccdf9edfcedf9d</token>
          <option name="name" value="test" />
        </SonarQubeServer>
      </list>
    </option>
    <rules>
      <Rule active="false" key="java:S120" />
      <Rule active="false" key="java:S101" />
      <Rule active="false" key="java:S100" />
      <Rule active="false" key="java:S1220" />
      <Rule active="false" key="java:S117" />
      <Rule active="false" key="java:S3740" />
      <Rule active="false" key="java:S5411" />
      <Rule active="false" key="java:S1192" />
      <Rule active="false" key="java:S114" />
      <Rule active="false" key="java:S116" />
    </rules>
  </component>
</application>