<application>
  <component name="UmlConfiguration">
    <option name="defaultLayout" value="COMPACT_ORTHOGONAL" />
    <option name="diagramNodeItemStyle" value="Plain" />
    <option name="shortenNodeItemOnLength" value="1000" />
    <option name="layout" value="COMPACT_ORTHOGONAL" />
    <option name="fitContentAfterLayout" value="false" />
    <option name="relayoutOnNewElements" value="false" />
    <option name="myShortenNodeItemOnLength" value="1000" />
    <option name="myNodeItemStyle" value="Plain" />
    <option name="categories">
      <map>
        <entry id="Gradle" categories="Show Paths: Root -&gt; Selection;Show Neighbours of Selected Nodes" />
        <entry id="JAVA" categories="Fields;Constructors;Methods;Properties;Inner Classes;Show Usages In Code;Show Links In Documentation;Show Cyclic" />
        <entry id="MAVEN" categories="Show Conflicts/Duplicates;Show Paths: Root -&gt; Selection;Show Neighbours of Selected Nodes" />
        <entry id="MODULES" categories="Libraries;Test dependencies;Show Paths: Root -&gt; Selection;Show Neighbours of Selected Nodes" />
        <entry id="Microservices" categories="From tests;From libraries;Show Neighbours of Selected Nodes" />
        <entry id="SPRING" categories="Show Neighbours of Selected Nodes" />
        <entry id="SpringLocalModels" categories="Show library models" />
      </map>
    </option>
  </component>
</application>