<application>
  <component name="Translation.Cache">
    <option name="lastTrimTime" value="1694848486508" />
  </component>
  <component name="Translation.Settings">
    <option name="primaryLanguage" value="KOREAN" />
    <option name="targetLanguageSelection" value="PRIMARY_LANGUAGE" />
    <option name="translator" value="MICROSOFT" />
  </component>
  <component name="Translation.States">
    <option name="newTranslationDialogHeight" value="260" />
    <option name="newTranslationDialogWidth" value="1858" />
    <option name="newTranslationDialogX" value="1356" />
    <option name="newTranslationDialogY" value="894" />
    <histories>
      <item value="Get the unique Id (within the scope of the appName) of this instance to be registered with eureka" />
      <item value="Only one constructor of any given bean class may declare this annotation with the required attribute set to true, indicating the constructor to autowire when used as a Spring bean. Furthermore, if the required attribute is set to true, only a single constructor may be annotated with @Autowired. If multiple non-required constructors declare the annotation, they will be considered as candidates for autowiring. The constructor with the greatest number of dependencies that can be satisfied by matching beans in the Spring container will be chosen. If none of the candidates can be satisfied, then a primarydefault constructor (if present) will be used. Similarly, if a class declares multiple constructors but none of them is annotated with @Autowired, then a primarydefault constructor (if present) will be used. If a class only declares a single constructor to begin with, it will always be used, even if not annotated. An annotated constructor does not have to be public." />
      <item value="Deprecated Gradle features were used in this build, making it incompatible with Gradle 9.0. You" />
      <item value="Deprecated Gradle features were used in this build, making it incompatible with Gradle 9.0." />
      <item value="A reference to the aggregate root of a different aggregate." />
      <item value="For more on this, please refer to https:docs.gradle.org8.2.1userguidecommand_line_interface.htmlsec:command_line_warnings in the Gradle documentation. BUILD FAILED in 32s 9 actionable tasks: 9 executed" />
      <item value="Deprecated Gradle features were used in this build, making it incompatible with Gradle 9.0. You can use '--warning-mode all' to show the individual deprecation warnings and determine if they come from your own scripts or plugins" />
      <item value="Deprecated Gradle features were used in this build, making it incompatible with Gradle 9.0" />
      <item value="lookup parent from repository" />
      <item value="Bean extracting authority" />
      <item value="Forward logs to logstash over a socket, used by LoggingConfiguration" />
      <item value="toggle to switch to a different version of the configuration as stored in git" />
      <item value="This configuration overrides the application.yml file" />
      <item value="This configuration overrides the application.yml file." />
      <item value="This class also load properties in the Spring Environment from the git.properties and META-INFbuild-info.properties files if they are found in the classpath." />
      <item value="Properties are configured in the application.yml file. See tech.jhipster.config.JHipsterProperties for a good example." />
      <item value="Add your own application properties here, see the ApplicationProperties class to have type-safe configuration, like in the JHipsterProperties above" />
      <item value="Application specific properties" />
      <item value="Returns the user from an OAuth 2.0 login or resource server with JWT. Synchronizes the user in the local repository." />
      <item value="Returns the user from an OAuth 2.0 login or resource server with JWT. Synchronizes the user in the local" />
      <item value="By default CORS is disabled. Uncomment to enable" />
      <item value="Comma separated list of profiles that will trigger the ribbon to show" />
      <item value="Properties to be exposed on the info management endpoint" />
      <item value="Either way, it can be overridden by `--spring.profiles.active` value passed in the commandline or `-Dspring.profiles.active` set in `JAVA_OPTS`" />
      <item value="Otherwise, it will be filled in by gradle when building the JAR file" />
      <item value="The commented value for `active` can be replaced with valid Spring profiles to load" />
      <item value="Conditionally disable springdoc on missing api-docs profile" />
      <item value="This configuration will be overridden by the Spring profile you use, for example application-dev.yml if you use the &quot;dev&quot; profile." />
      <item value="name of the config server's property source (file.yml) that we want to use" />
      <item value="if not in &quot;prod&quot; profile, do not force to use Spring Cloud Config" />
      <item value="Otherwise, it will be filled in by maven when building the JAR file" />
      <item value="The commented value for `active` can be replaced with valid Spring profiles to load." />
      <item value="If you want to enable it, please uncomment the configuration below." />
      <item value="CORS is disabled by default on microservices, as you should access them through a gateway." />
      <item value="2023-05-25T10:32:54.148+09:00 WARN 19856 --- [ XNIO-1 task-1] .m.m.a.ExceptionHandlerExceptionResolver : Resolved [org.springframework.web.method.annotation.MethodArgumentConversionNotSupportedException: Failed to convert value of type 'java.lang.String' to required type 'com.artbridge.artist.service.dto.ArtistDTO'; nested exception is java.lang.IllegalStateException: Cannot convert value of type 'java.lang.String' to required type 'com.artbridge.artist.service.dto.ArtistDTO': no matching editors or conversion strategy found]" />
      <item value="Checks if the current user has any of the authorities." />
      <item value="Checks if the current user has none of the authorities." />
      <item value="has Current User Any Of Authorities" />
      <item value="Partial updates given fields of an existing artwork, field will ignore if it is null" />
      <item value="Cannot execute request on any known server" />
      <item value="disable spring boot built-in h2-console since we start it manually with correct configuration" />
      <item value="Docker configuration" />
      <item value="Configure Workload Identity Federation and generate an access token" />
      <item value="Configure Workload Identity Federation and generate an access token." />
      <item value="update to Artifact Registry docker repository" />
      <item value="For more support on how to run the workflow, please visit https:github.comgoogle-github-actionssetup-gcloudtreemasterexample-workflowsgke-kustomize" />
      <item value="1. Ensure that your repository contains the necessary configuration for your Google Kubernetes Engine cluster, including deployment.yml, kustomization.yml, service.yml, etc." />
      <item value="3. Change the values for the GAR_LOCATION, GKE_ZONE, GKE_CLUSTER, IMAGE, REPOSITORY and DEPLOYMENT_NAME environment variables (below)." />
      <item value="Change the values for the GAR_LOCATION, GKE_ZONE, GKE_CLUSTER, IMAGE, REPOSITORY and DEPLOYMENT_NAME environment variables (below)." />
      <item value="Create and configure a Workload Identity Provider for GitHub (https:github.comgoogle-github-actionsauthsetting-up-workload-identity-federation)" />
    </histories>
    <option name="languageScores">
      <map>
        <entry key="ENGLISH" value="65" />
        <entry key="KOREAN" value="62" />
      </map>
    </option>
  </component>
</application>