<keymap version="1" name="Eclipse copy" parent="Eclipse">
  <action id="EditorGutterToggleGlobalLineNumbers">
    <keyboard-shortcut first-keystroke="ctrl alt numpad7" />
  </action>
  <action id="EditorShowGutterIconTooltip">
    <keyboard-shortcut first-keystroke="ctrl alt numpad9" />
  </action>
  <action id="EditorToggleShowGutterIcons">
    <keyboard-shortcut first-keystroke="ctrl alt numpad8" />
  </action>
  <action id="GotoClass" />
  <action id="GuiDesigner.DecreaseIndent" />
  <action id="PrevParameter" />
  <action id="PreviousTemplateVariable" />
  <action id="RerunTests" />
  <action id="ResourceExplorer.show" />
  <action id="SearchEverywhere.PrevTab" />
  <action id="ShiftTabAction" />
  <action id="SplitChooser.PreviousWindow" />
  <action id="Terminal.NewTab" />
  <action id="ViewMainMenu">
    <keyboard-shortcut first-keystroke="ctrl alt numpad0" />
  </action>
  <action id="ViewNavigationBar">
    <keyboard-shortcut first-keystroke="alt home" />
    <keyboard-shortcut first-keystroke="ctrl alt numpad2" />
  </action>
  <action id="ViewStatusBar">
    <keyboard-shortcut first-keystroke="ctrl alt numpad4" />
  </action>
  <action id="ViewToolBar">
    <keyboard-shortcut first-keystroke="ctrl alt numpad1" />
  </action>
  <action id="ViewToolButtons">
    <keyboard-shortcut first-keystroke="ctrl alt numpad3" />
  </action>
  <action id="com.github.setial.intellijjavadocs.action.JavaDocGenerateActionOnEditor">
    <keyboard-shortcut first-keystroke="shift ctrl windows" />
  </action>
  <action id="hg4idea.QGotoFromPatches" />
</keymap>